last_name;gender
Nowak;K
Kowalska;K
Wiśniewska;K
Wójcik;K
Kowalczyk;K
Kamińska;K
Lewandowska;K
Zielińska;K
Szymańska;K
Dąbrowska;K
Woźniak;K
Kozłowska;K
Mazur;K
Jankowska;K
Kwiatkowska;K
Wojciechowska;K
Krawczyk;K
Kaczmarek;K
Piotrowska;K
Grabowska;K
Pawłowska;K
Michalska;K
Król;K
Zając;K
Wieczorek;K
Jabłońska;K
Wróbel;K
Nowakowska;K
Majewska;K
Olszewska;K
Adamczyk;K
Jaworska;K
Malinowska;K
Stępień;K
Dudek;K
Górska;K
Nowicka;K
Witkowska;K
Pawlak;K
Sikora;K
Walczak;K
Rutkowska;K
Michalak;K
Szewczyk;K
Ostrowska;K
Baran;K
Tomaszewska;K
Zalewska;K
Wróblewska;K
Pietrzak;K
Jasińska;K
Marciniak;K
Sadowska;K
Jakubowska;K
Zawadzka;K
Duda;K
Włodarczyk;K
Chmielewska;K
Borkowska;K
Bąk;K
Wilk;K
Sokołowska;K
Szczepańska;K
Sawicka;K
Lis;K
Kucharska;K
Kalinowska;K
Maciejewska;K
Mazurek;K
Wysocka;K
Kubiak;K
Kołodziej;K
Czarnecka;K
Kaźmierczak;K
Urbańska;K
Sikorska;K
Krupa;K
Sobczak;K
Krajewska;K
Głowacka;K
Zakrzewska;K
Wasilewska;K
Laskowska;K
Ziółkowska;K
Gajewska;K
Kozak;K
Szulc;K
Mróz;K
Makowska;K
Brzezińska;K
Przybylska;K
Kaczmarczyk;K
Baranowska;K
Szymczak;K
Adamska;K
Błaszczyk;K
Borowska;K
Górecka;K
Szczepaniak;K
Kania;K
Leszczyńska;K
Janik;K
Czerwińska;K
Chojnacka;K
Lipińska;K
Andrzejewska;K
Wesołowska;K
Kowalewska;K
Mikołajczyk;K
Mucha;K
Cieślak;K
Jarosz;K
Zięba;K
Konieczna;K
Kozioł;K
Markowska;K
Kowalik;K
Kołodziejczyk;K
Musiał;K
Brzozowska;K
Domańska;K
Tomczyk;K
Orłowska;K
Pawlik;K
Piątek;K
Nowacka;K
Kopeć;K
Tomczak;K
Kruk;K
Kurek;K
Żak;K
Ciesielska;K
Kot;K
Markiewicz;K
Polak;K
Wawrzyniak;K
Wolska;K
Wójtowicz;K
Stankiewicz;K
Jastrzębska;K
Sowa;K
Urbaniak;K
Karpińska;K
Czajkowska;K
Stasiak;K
Wierzbicka;K
Łuczak;K
Nawrocka;K
Piasecka;K
Klimek;K
Dziedzic;K
Sosnowska;K
Janicka;K
Bednarek;K
Bielecka;K
Milewska;K
Gajda;K
Stefańska;K
Madej;K
Majchrzak;K
Leśniak;K
Jóźwiak;K
Maj;K
Urban;K
Kowal;K
Śliwińska;K
Skiba;K
Małecka;K
Bednarczyk;K
Socha;K
Dobrowolska;K
Marek;K
Michalik;K
Romanowska;K
Domagała;K
Ratajczak;K
Wrona;K
Wilczyńska;K
Kasprzak;K
Matuszewska;K
Orzechowska;K
Świątek;K
Olejniczak;K
Pająk;K
Rybak;K
Kurowska;K
Bukowska;K
Sobolewska;K
Owczarek;K
Mazurkiewicz;K
Łukasik;K
Rogowska;K
Olejnik;K
Grzelak;K
Kędzierska;K
Kosińska;K
Barańska;K
Matusiak;K
Sobczyk;K
Skowrońska;K
Marcinkowska;K
Marszałek;K
Zych;K
Bednarska;K
Bednarz;K
Chrzanowska;K
Lisowska;K
Kuczyńska;K
Świderska;K
Sroka;K
Morawska;K
Kasprzyk;K
Janiszewska;K
Kozieł;K
Muszyńska;K
Chmiel;K
Białek;K
Grzybowska;K
Małek;K
Kwiecień;K
Jędrzejewska;K
Pluta;K
Krzemińska;K
Witek;K
Turek;K
Marczak;K
Osińska;K
Paluch;K
Piekarska;K
Czaja;K
Czajka;K
Kubicka;K
Czech;K
Żukowska;K
Marzec;K
Janowska;K
Michałowska;K
Biernacka;K
Szydłowska;K
Przybysz;K
Gołębiewska;K
Śliwa;K
Serafin;K
Staniszewska;K
Stefaniak;K
Kaczor;K
Rudnicka;K
Lech;K
Popławska;K
Murawska;K
Kulesza;K
Lewicka;K
Smolińska;K
Dębska;K
Kujawa;K
Podgórska;K
Góra;K
Kacprzak;K
Rak;K
Stachowiak;K
Piątkowska;K
Cieślik;K
Pietrzyk;K
Banach;K
Matysiak;K
Sowińska;K
Rosińska;K
Banaś;K
Karczewska;K
Niemiec;K
Żurek;K
Gołębiowska;K
Klimczak;K
Żurawska;K
Zawada;K
Godlewska;K
Bieniek;K
Drozd;K
Augustyniak;K
Czyż;K
Komorowska;K
Skrzypczak;K
Grochowska;K
Gruszka;K
Górka;K
Kuś;K
Różańska;K
Winiarska;K
Przybyła;K
Szczęsna;K
Cybulska;K
Kulik;K
Krawiec;K
Ptak;K
Leśniewska;K
Panek;K
Konopka;K
Zaremba;K
Krzyżanowska;K
Słowik;K
Gil;K
Mikołajczak;K
Cichoń;K
Cichocka;K
Tokarska;K
Szczepanik;K
Siwek;K
Mielczarek;K
Graczyk;K
Zarzycka;K
Melnyk;K
Strzelecka;K
Młynarczyk;K
Szymczyk;K
Bartkowiak;K
Maćkowiak;K
Kłos;K
Buczek;K
Kaczyńska;K
Stańczyk;K
Szczygieł;K
Kostrzewa;K
Szostak;K
Biernat;K
Janus;K
Niewiadomska;K
Węgrzyn;K
Janiak;K
Grzyb;K
Filipiak;K
Skowron;K
Sienkiewicz;K
Kucharczyk;K
Kaleta;K
Górna;K
Jurek;K
Gawron;K
Rakowska;K
Bogusz;K
Bagińska;K
Kubik;K
Książek;K
Gąsior;K
Cieśla;K
Banasiak;K
Antczak;K
Żebrowska;K
Bartczak;K
Różycka;K
Gawlik;K
Królikowska;K
Trzcińska;K
Hajduk;K
Mikulska;K
Kula;K
Zaręba;K
Rogalska;K
Frączek;K
Grzegorczyk;K
Rzepka;K
Rojek;K
Długosz;K
Maliszewska;K
Malec;K
Rogala;K
Pałka;K
Trojanowska;K
Gawrońska;K
Dobosz;K
Radomska;K
Witczak;K
Tkaczyk;K
Borek;K
Stec;K
Rybicka;K
Lach;K
Mika;K
Frankowska;K
Kisiel;K
Bogucka;K
Zaborowska;K
Karwowska;K
Ślusarczyk;K
Kaczorowska;K
Wąsik;K
Gałązka;K
Grzesiak;K
Kmiecik;K
Kwaśniewska;K
Więckowska;K
Lipska;K
Białas;K
Kubacka;K
Walkowiak;K
Frąckowiak;K
Pietras;K
Dudzińska;K
Bochenek;K
Janas;K
Sokół;K
Pawelec;K
Juszczak;K
Nawrot;K
Wojtczak;K
Wnuk;K
Wójcicka;K
Mroczek;K
Lasota;K
Rosiak;K
Zygmunt;K
Skrzypek;K
Pasternak;K
Kołodziejska;K
Burzyńska;K
Czyżewska;K
Wrońska;K
Szafrańska;K
Piwowarczyk;K
Jędrzejczyk;K
Fijałkowska;K
Łukasiewicz;K
Gruszczyńska;K
Żmuda;K
Piórkowska;K
Borowiec;K
Zajączkowska;K
Krysiak;K
Jurkiewicz;K
Jagiełło;K
Misiak;K
Masłowska;K
Jagodzińska;K
Łapińska;K
Krakowiak;K
Dąbek;K
Lisiecka;K
Jędrzejczak;K
Bujak;K
Pilarska;K
Gaweł;K
Wilczek;K
Gutowska;K
Flis;K
Karaś;K
Dziuba;K
Twardowska;K
Drzewiecka;K
Sobieraj;K
Skibińska;K
Strzelczyk;K
Bielawska;K
Dębowska;K
Łukaszewska;K
Stelmach;K
Kubica;K
Zielonka;K
Cygan;K
Tarnowska;K
Skoczylas;K
Szcześniak;K
Kałuża;K
Sołtys;K
Bober;K
Bilska;K
Falkowska;K
Kovalchuk;K
Raczyńska;K
Filipek;K
Jakubiak;K
Pakuła;K
Szwed;K
Cebula;K
Mierzejewska;K
Shevchenko;K
Gąsiorowska;K
Bartosik;K
Wasiak;K
Majcher;K
Stanek;K
Kędziora;K
Górniak;K
Guzik;K
Krupińska;K
Romaniuk;K
Więcek;K
Nowaczyk;K
Rusin;K
Urbańczyk;K
Staszewska;K
Ciszewska;K
Stolarczyk;K
Góral;K
Matuszak;K
Czapla;K
Jaśkiewicz;K
Kopczyńska;K
Wolak;K
Drozdowska;K
Zagórska;K
Kulig;K
Partyka;K
Rucińska;K
Florek;K
Zwolińska;K
Siedlecka;K
Modzelewska;K
Kaczmarska;K
Słowińska;K
Kaszuba;K
Grzywacz;K
Kałużna;K
Motyka;K
Gołąb;K
Sławińska;K
Paczkowska;K
Pytel;K
Cholewa;K
Misztal;K
Andrzejczak;K
Milczarek;K
Pawlikowska;K
Dubiel;K
Jezierska;K
Wojtas;K
Prokop;K
Michałek;K
Stachura;K
Jackowska;K
Malicka;K
Jurkowska;K
Sochacka;K
Bożek;K
Gwóźdź;K
Bielak;K
Kępa;K
Kuchta;K
Świerczyńska;K
Rosa;K
Olczak;K
Sieradzka;K
Skalska;K
Szyszka;K
Bieńkowska;K
Kuc;K
Gałka;K
Szczerba;K
Płonka;K
Jankowiak;K
Janusz;K
Kwiecińska;K
Broda;K
Chojnowska;K
Dudzik;K
Stępniak;K
Iwańska;K
Mroczkowska;K
Woś;K
Knapik;K
Kolasa;K
Paszkowska;K
Sitek;K
Kruszewska;K
Szatkowska;K
Skóra;K
Chmura;K
Kapusta;K
Lenart;K
Suska;K
Dec;K
Wyszyńska;K
Majka;K
Czechowska;K
Kowalczuk;K
Puchalska;K
Stanisławska;K
Ivanova;K
Włodarska;K
Florczak;K
Boiko;K
Dominiak;K
Salamon;K
Zdunek;K
Dudziak;K
Tomala;K
Trzeciak;K
Mańkowska;K
Kotowska;K
Michalczyk;K
Lipka;K
Molenda;K
Januszewska;K
Skowronek;K
Augustyn;K
Filipowicz;K
Kawa;K
Adamczak;K
Tokarz;K
Buczyńska;K
Bondarenko;K
Głogowska;K
Kołakowska;K
Adamek;K
Mrozek;K
Maślanka;K
Kogut;K
Moroz;K
Kita;K
Kobus;K
Piechota;K
Koper;K
Noga;K
Jagielska;K
Adamus;K
Stolarska;K
Pilch;K
Ziętek;K
Malik;K
Gorczyca;K
Dobrzyńska;K
Kaniewska;K
Grzesik;K
Banasik;K
Żuk;K
Kovalenko;K
Jurczak;K
Koza;K
Bąkowska;K
Budzyńska;K
Chudzik;K
Robak;K
Niemczyk;K
Maciąg;K
Rudzińska;K
Niedźwiecka;K
Jarząbek;K
Wiącek;K
Przybył;K
Warchoł;K
Sołtysiak;K
Prus;K
Buczkowska;K
Kuźma;K
Rudnik;K
Stańczak;K
Miśkiewicz;K
Porębska;K
Kalisz;K
Sojka;K
Kłosowska;K
Wypych;K
Kos;K
Moskal;K
Drabik;K
Kopacz;K
Adamowicz;K
Herman;K
Gadomska;K
Stachurska;K
Dąbkowska;K
Surma;K
Kasperek;K
Oleksy;K
Ossowska;K
Bartnik;K
Olczyk;K
Piłat;K
Białkowska;K
Golec;K
Marchewka;K
Błaszczak;K
Kucińska;K
Stachowicz;K
Magiera;K
Wolińska;K
Kiełbasa;K
Balcerzak;K
Niedzielska;K
Szeląg;K
Ryś;K
Bielska;K
Zabłocka;K
Jaros;K
Korzeniowska;K
Tracz;K
Budzińska;K
Roman;K
Adamiak;K
Wojtkowiak;K
Rybarczyk;K
Żyła;K
Furman;K
Szymkowiak;K
Dróżdż;K
Rudzka;K
Grudzień;K
Miller;K
Radecka;K
Kosowska;K
Ślęzak;K
Sęk;K
Lesiak;K
Kujawska;K
Pietruszka;K
Piotrowicz;K
Bury;K
Tomasik;K
Kozik;K
Kostecka;K
Pelc;K
Urbanek;K
Warzecha;K
Trela;K
Woźnica;K
Bielińska;K
Sobańska;K
Frątczak;K
Jurczyk;K
Sekuła;K
Pawlicka;K
Czerniak;K
Schmidt;K
Pełka;K
Wojtasik;K
Grześkowiak;K
Kruczek;K
Krakowska;K
Wołoszyn;K
Pogorzelska;K
Polańska;K
Biskup;K
Świątkowska;K
Kulińska;K
Urbanowicz;K
Piwowarska;K
Shevchuk;K
Sobota;K
Mierzwa;K
Stawicka;K
Mackiewicz;K
Szuba;K
Głąb;K
Kmieć;K
Gut;K
Hoffmann;K
Czekaj;K
Kawecka;K
Śmigielska;K
Banaszek;K
Świder;K
Litwin;K
Panasiuk;K
Borys;K
Krasowska;K
Grudzińska;K
Tkachenko;K
Ratajczyk;K
Aleksandrowicz;K
Kwiatek;K
Lorenc;K
Roszkowska;K
Roszak;K
Makuch;K
Wiśniowska;K
Werner;K
Tokarczyk;K
Juszczyk;K
Izdebska;K
Szwarc;K
Skorupa;K
Łukaszewicz;K
Napierała;K
Szarek;K
Koval;K
Siwiec;K
Bogacz;K
Liszka;K
Szot;K
Studzińska;K
Kawka;K
Knap;K
Jóźwik;K
Piętka;K
Jakubczyk;K
Jeziorska;K
Turowska;K
Krukowska;K
Karcz;K
Kukla;K
Kusiak;K
Lange;K
Wrzesińska;K
Żuchowska;K
Gacek;K
Wach;K
Kędzior;K
Rożek;K
Paprocka;K
Królak;K
Sidor;K
Kravchenko;K
Bobrowska;K
Kraszewska;K
Rybka;K
Mańka;K
Grodzka;K
Kruszyńska;K
Mielcarek;K
Szeliga;K
Bogdańska;K
Tkacz;K
Cicha;K
Wojda;K
Śpiewak;K
Maziarz;K
Korczak;K
Smoleń;K
Korzeniewska;K
Niedziela;K
Kosmala;K
Gąsiorek;K
Grzybek;K
Majkowska;K
Filip;K
Semeniuk;K
Małkowska;K
Radziszewska;K
Rusek;K
Szymanek;K
Wolna;K
Wagner;K
Olech;K
Rzepecka;K
Grabarczyk;K
Perkowska;K
Romańska;K
Jakubiec;K
Reszka;K
Wajda;K
Lipiec;K
Staszak;K
Szkudlarek;K
Nowińska;K
Rodak;K
Wasielewska;K
Pękala;K
Lewińska;K
Potocka;K
Śledź;K
Kapuścińska;K
Plichta;K
Bartoszek;K
Pisarek;K
Kawalec;K
Adamiec;K
Szopa;K
Kulpa;K
Kozakiewicz;K
Gładysz;K
Konarska;K
Drożdż;K
Kupiec;K
Raczkowska;K
Rogozińska;K
Bugajska;K
Duszyńska;K
Wojtowicz;K
Piech;K
Kaźmierska;K
Gola;K
Paszkiewicz;K
Skonieczna;K
Banaszak;K
Janczak;K
Osowska;K
Kochańska;K
Rokicka;K
Szymanowska;K
Polishchuk;K
Wyrzykowska;K
Olszak;K
Bilińska;K
Oliinyk;K
Kalińska;K
Sułkowska;K
Suchecka;K
Stokłosa;K
Kurzawa;K
Bugaj;K
Kępka;K
Wrzosek;K
Brzeska;K
Solecka;K
Karolak;K
Puchała;K
Pierzchała;K
Ambroziak;K
Balicka;K
Golińska;K
Kokot;K
Waszkiewicz;K
Wójciak;K
Gruca;K
Sudoł;K
Pasek;K
Orzeł;K
Lasek;K
Jaskulska;K
Brodowska;K
Szczygielska;K
Wielgus;K
Świerczek;K
Martyniuk;K
Wojtaszek;K
Barszcz;K
Krauze;K
Biela;K
Góralczyk;K
Białecka;K
Burda;K
Piechocka;K
Szczurek;K
Kokoszka;K
Mach;K
Weber;K
Zapała;K
Chrobak;K
Jaroszewska;K
Woźna;K
Mączka;K
Bojarska;K
Płatek;K
Zborowska;K
Bator;K
Garbacz;K
Jamróz;K
Lorek;K
Piszczek;K
Dymek;K
Czarnota;K
Ożóg;K
Ferenc;K
Dzikowska;K
Figura;K
Matusik;K
Koprowska;K
Kostka;K
Dutkiewicz;K
Stępniewska;K
Kochanowska;K
Oleś;K
Paszek;K
Szpak;K
Gołąbek;K
Osuch;K
Walczyk;K
Sala;K
Gabryś;K
Traczyk;K
Grygiel;K
Bernat;K
Tkachuk;K
Dolata;K
Paradowska;K
Piskorz;K
Grela;K
Kozyra;K
Wdowiak;K
Błażejewska;K
Ławniczak;K
Smolarek;K
Surowiec;K
Modrzejewska;K
Stencel;K
Kempa;K
Baron;K
Zawisza;K
Bartosiewicz;K
Kolasińska;K
Mularczyk;K
Szymaniak;K
Adamczewska;K
Bartnicka;K
Grabska;K
Mieczkowska;K
Cichosz;K
Kołodziejczak;K
Stachowska;K
Dolińska;K
Winnicka;K
Zawistowska;K
Zarębska;K
Mrowiec;K
Półtorak;K
Wielgosz;K
Wachowiak;K
Brożek;K
Myśliwiec;K
Zasada;K
Świtała;K
Plewa;K
Pięta;K
Błońska;K
Wąsowska;K
Biel;K
Kozera;K
Okoń;K
Galińska;K
Gaj;K
Ćwiklińska;K
Gazda;K
Kraska;K
Lachowicz;K
Kulikowska;K
Nadolska;K
Róg;K
Antoniak;K
Szadkowska;K
Tymińska;K
Gałecka;K
Łoś;K
Kozicka;K
Ozga;K
Waligóra;K
Szweda;K
Kościelniak;K
Majda;K
Jaskólska;K
Włoch;K
Bogdan;K
Jedynak;K
Franczak;K
Szczepanek;K
Kapica;K
Komar;K
Skorupska;K
Bondar;K
Morawiec;K
Burek;K
Konieczny;K
Sarnowska;K
Krause;K
Figiel;K
Zimna;K
Boroń;K
Klimas;K
Musioł;K
Bernacka;K
Skwarek;K
Kostrzewska;K
Wilczewska;K
Sobocińska;K
Łach;K
Niezgoda;K
Klimaszewska;K
Lemańska;K
Filipczak;K
Miś;K
Smyk;K
Mirek;K
Ryba;K
Przybyszewska;K
Bień;K
Dziura;K
Bartkowska;K
Biała;K
Rychlik;K
Szubert;K
Seweryn;K
Rumińska;K
Słomińska;K
Czaplińska;K
Nadolna;K
Janeczek;K
Glińska;K
Pastuszka;K
Gajek;K
Gołaszewska;K
Nalepa;K
Tuszyńska;K
Turska;K
Błaszkiewicz;K
Jackiewicz;K
Dobrzańska;K
Makarewicz;K
Ogórek;K
Ługowska;K
Wiszniewska;K
Młynarska;K
Tabor;K
Pietrzykowska;K
Kazimierczak;K
Węglarz;K
Szafran;K
Góralska;K
Pilarczyk;K
Kasperska;K
Kreft;K
Galas;K
Neumann;K
Rybińska;K
Sobczyńska;K
Spychała;K
Daniel;K
Drąg;K
Wolny;K
Królik;K
Walas;K
Rybacka;K
Ziomek;K
Flak;K
Machnik;K
Stopa;K
Nosal;K
Marczewska;K
Matczak;K
Gałuszka;K
Czuba;K
Iwanicka;K
Furtak;K
Strzałkowska;K
Kąkol;K
Sitko;K
Słomka;K
Wydra;K
Ciołek;K
Podsiadło;K
Topolska;K
Bojanowska;K
Mikuła;K
Klein;K
Wcisło;K
Zawiślak;K
Radwańska;K
Radzikowska;K
Szostek;K
Marcinkiewicz;K
Lewczuk;K
Wnęk;K
Kłosińska;K
Soboń;K
Frankiewicz;K
Ćwik;K
Kalita;K
Kulas;K
Machowska;K
Nycz;K
Guz;K
Piwowar;K
Pieńkowska;K
Wachowska;K
Kobylińska;K
Chojecka;K
Świercz;K
Poręba;K
Olender;K
Antkowiak;K
Czapiewska;K
Krasuska;K
Rokita;K
Giza;K
Wilińska;K
Buda;K
Śliwka;K
Kołacz;K
Ludwiczak;K
Iwanowska;K
Kalbarczyk;K
Dusza;K
Grobelna;K
Jończyk;K
Pajor;K
Napiórkowska;K
Klonowska;K
Kornacka;K
Bryła;K
Markowicz;K
Kravchuk;K
Rydzewska;K
Rączka;K
Miszczak;K
Pater;K
Borowiak;K
Waszak;K
Zatorska;K
Baczyńska;K
Kluska;K
Gregorczyk;K
Mizera;K
Iwan;K
Piekarz;K
Kielar;K
Chylińska;K
Mastalerz;K
Szewczuk;K
Tarasiuk;K
Gwiazda;K
Suchocka;K
Domagalska;K
Truszkowska;K
Sitarz;K
Wierzchowska;K
Gąska;K
Osiecka;K
Pisarska;K
Kondracka;K
Zaleska;K
Ostaszewska;K
Dudkiewicz;K
Czubak;K
Staroń;K
Kozińska;K
Jakubczak;K
Rakoczy;K
Tarka;K
Wojdyła;K
Drewniak;K
Motyl;K
Chowaniec;K
Sakowska;K
Dworak;K
Szafraniec;K
Moskwa;K
Popiołek;K
Pyka;K
Dębicka;K
Ziemba;K
Maciaszek;K
Czerwonka;K
Szlachta;K
Dawidowska;K
Wojnowska;K
Matuszczak;K
Malczewska;K
Miler;K
Iwaniuk;K
Babiarz;K
Trzaska;K
Widera;K
Trojan;K
Kunicka;K
Bloch;K
Bogdanowicz;K
Karbowska;K
Gądek;K
Załęska;K
Badura;K
Cieślińska;K
Borowicz;K
Mikołajewska;K
Plucińska;K
Dul;K
Chruściel;K
Łuczyńska;K
Sękowska;K
Bałdyga;K
Karasińska;K
Podolska;K
Sagan;K
Trawińska;K
Borowiecka;K
Kusz;K
Kotarska;K
Krzak;K
Szmidt;K
Samborska;K
Antoniuk;K
Borecka;K
Starzyńska;K
Czaplicka;K
Grzegorzewska;K
Nguyen;K
Strzelec;K
Sosińska;K
Przygoda;K
Majer;K
Bączek;K
Bogacka;K
Chudy;K
Wojtkowska;K
Golonka;K
Soroka;K
Frydrych;K
Biegańska;K
Kloc;K
Borucka;K
Wiatr;K
Jarecka;K
Tobiasz;K
Gancarz;K
Synowiec;K
Rusinek;K
Krawczyńska;K
Dawid;K
Dylewska;K
Poznańska;K
Siuda;K
Rozmus;K
Jeleń;K
Gromek;K
Lachowska;K
Puzio;K
Sznajder;K
Czapska;K
Szczotka;K
Kuligowska;K
Niedźwiedź;K
Jeż;K
Wojnarowska;K
Cyran;K
Koch;K
Kurkowska;K
Deptuła;K
Stadnik;K
Wąsowicz;K
Mrozińska;K
Gajos;K
Mateja;K
Matyja;K
Mielnik;K
Mirowska;K
Mąka;K
Wolańska;K
Barczyk;K
Korczyńska;K
Madejska;K
Ogrodnik;K
Stach;K
Kupczyk;K
Hofman;K
Zdanowicz;K
Zdrojewska;K
Kotowicz;K
Łysiak;K
Ogonowska;K
Kisielewska;K
Fabisiak;K
Oleksiak;K
Bartosiak;K
Suchodolska;K
Kliś;K
Kosiorek;K
Karwacka;K
Paciorek;K
Łukomska;K
Dawidowicz;K
Bocheńska;K
Sarna;K
Bodnar;K
Krasoń;K
Wierzbowska;K
Kułakowska;K
Glinka;K
Kudła;K
Kępińska;K
Wysokińska;K
Łącka;K
Małolepsza;K
Jarocka;K
Zajdel;K
Kocur;K
Ruszkowska;K
Nocoń;K
Nowak;M
Kowalski;M
Wiśniewski;M
Wójcik;M
Kowalczyk;M
Kamiński;M
Lewandowski;M
Zieliński;M
Woźniak;M
Szymański;M
Dąbrowski;M
Kozłowski;M
Mazur;M
Jankowski;M
Kwiatkowski;M
Wojciechowski;M
Krawczyk;M
Kaczmarek;M
Piotrowski;M
Grabowski;M
Zając;M
Pawłowski;M
Król;M
Michalski;M
Wróbel;M
Wieczorek;M
Jabłoński;M
Nowakowski;M
Majewski;M
Olszewski;M
Dudek;M
Jaworski;M
Stępień;M
Malinowski;M
Adamczyk;M
Górski;M
Pawlak;M
Sikora;M
Nowicki;M
Witkowski;M
Rutkowski;M
Walczak;M
Baran;M
Michalak;M
Szewczyk;M
Ostrowski;M
Tomaszewski;M
Zalewski;M
Wróblewski;M
Pietrzak;M
Jasiński;M
Duda;M
Marciniak;M
Sadowski;M
Bąk;M
Zawadzki;M
Jakubowski;M
Wilk;M
Chmielewski;M
Borkowski;M
Włodarczyk;M
Sokołowski;M
Szczepański;M
Sawicki;M
Lis;M
Kucharski;M
Kalinowski;M
Wysocki;M
Mazurek;M
Kubiak;M
Maciejewski;M
Kołodziej;M
Kaźmierczak;M
Czarnecki;M
Konieczny;M
Sobczak;M
Krupa;M
Głowacki;M
Urbański;M
Mróz;M
Zakrzewski;M
Wasilewski;M
Krajewski;M
Kozak;M
Laskowski;M
Sikorski;M
Ziółkowski;M
Gajewski;M
Szulc;M
Makowski;M
Kaczmarczyk;M
Brzeziński;M
Baranowski;M
Przybylski;M
Kania;M
Szymczak;M
Janik;M
Borowski;M
Błaszczyk;M
Adamski;M
Górecki;M
Szczepaniak;M
Chojnacki;M
Leszczyński;M
Kozioł;M
Mucha;M
Kowalewski;M
Lipiński;M
Andrzejewski;M
Czerwiński;M
Wesołowski;M
Mikołajczyk;M
Zięba;M
Jarosz;M
Cieślak;M
Musiał;M
Kowalik;M
Markowski;M
Kołodziejczyk;M
Kopeć;M
Brzozowski;M
Nowacki;M
Piątek;M
Żak;M
Domański;M
Pawlik;M
Orłowski;M
Kurek;M
Ciesielski;M
Kot;M
Wójtowicz;M
Tomczyk;M
Tomczak;M
Kruk;M
Wawrzyniak;M
Polak;M
Wolski;M
Markiewicz;M
Sowa;M
Stasiak;M
Jastrzębski;M
Karpiński;M
Stankiewicz;M
Urbaniak;M
Klimek;M
Piasecki;M
Łuczak;M
Czajkowski;M
Wierzbicki;M
Nawrocki;M
Gajda;M
Bielecki;M
Dziedzic;M
Stefański;M
Bednarek;M
Madej;M
Milewski;M
Janicki;M
Sosnowski;M
Skiba;M
Kowal;M
Leśniak;M
Maj;M
Majchrzak;M
Jóźwiak;M
Urban;M
Śliwiński;M
Socha;M
Małecki;M
Marek;M
Domagała;M
Bednarczyk;M
Kasprzak;M
Dobrowolski;M
Wrona;M
Pająk;M
Michalik;M
Matuszewski;M
Ratajczak;M
Olejniczak;M
Orzechowski;M
Świątek;M
Wilczyński;M
Romanowski;M
Kurowski;M
Olejnik;M
Łukasik;M
Rogowski;M
Rybak;M
Grzelak;M
Mazurkiewicz;M
Bukowski;M
Owczarek;M
Sroka;M
Sobolewski;M
Kosiński;M
Kędzierski;M
Barański;M
Zych;M
Bednarz;M
Marszałek;M
Sobczyk;M
Matusiak;M
Skowroński;M
Marcinkowski;M
Chrzanowski;M
Lisowski;M
Świderski;M
Kozieł;M
Bednarski;M
Kasprzyk;M
Białek;M
Pluta;M
Witek;M
Kwiecień;M
Kuczyński;M
Grzybowski;M
Paluch;M
Janiszewski;M
Chmiel;M
Czajka;M
Turek;M
Muszyński;M
Jędrzejewski;M
Morawski;M
Marczak;M
Małek;M
Kaczor;M
Marzec;M
Śliwa;M
Żukowski;M
Czaja;M
Kubicki;M
Piekarski;M
Rak;M
Szczęsny;M
Czech;M
Przybysz;M
Osiński;M
Janowski;M
Krzemiński;M
Stefaniak;M
Kulesza;M
Gołębiewski;M
Biernacki;M
Lech;M
Szydłowski;M
Smoliński;M
Serafin;M
Banach;M
Lewicki;M
Kujawa;M
Góra;M
Staniszewski;M
Michałowski;M
Cieślik;M
Kacprzak;M
Murawski;M
Popławski;M
Rudnicki;M
Stachowiak;M
Dębski;M
Pietrzyk;M
Żurek;M
Piątkowski;M
Drozd;M
Niemiec;M
Górka;M
Banaś;M
Zawada;M
Karczewski;M
Górny;M
Podgórski;M
Matysiak;M
Żurawski;M
Sowiński;M
Gołębiowski;M
Klimczak;M
Rosiński;M
Czyż;M
Kuś;M
Bieniek;M
Gruszka;M
Godlewski;M
Augustyniak;M
Skrzypczak;M
Grochowski;M
Krawiec;M
Panek;M
Ptak;M
Przybyła;M
Gil;M
Konopka;M
Różański;M
Winiarski;M
Kulik;M
Komorowski;M
Słowik;M
Siwek;M
Zaremba;M
Cybulski;M
Szczepanik;M
Leśniewski;M
Grzyb;M
Kłos;M
Krzyżanowski;M
Cichoń;M
Zarzycki;M
Mielczarek;M
Graczyk;M
Tokarski;M
Młynarczyk;M
Kaczyński;M
Mikołajczak;M
Buczek;M
Stańczyk;M
Szostak;M
Biernat;M
Węgrzyn;M
Cichocki;M
Szymczyk;M
Strzelecki;M
Jurek;M
Skowron;M
Bartkowiak;M
Szczygieł;M
Maćkowiak;M
Janus;M
Gąsior;M
Gawron;M
Bogusz;M
Cieśla;M
Filipiak;M
Kucharczyk;M
Kaleta;M
Niewiadomski;M
Kostrzewa;M
Kula;M
Kubik;M
Janiak;M
Książek;M
Rzepka;M
Rakowski;M
Sienkiewicz;M
Bagiński;M
Pałka;M
Gawlik;M
Różycki;M
Antczak;M
Frączek;M
Zaręba;M
Bartczak;M
Malec;M
Trzciński;M
Banasiak;M
Żebrowski;M
Rogalski;M
Długosz;M
Królikowski;M
Mikulski;M
Hajduk;M
Rogala;M
Rojek;M
Tkaczyk;M
Lach;M
Grzegorczyk;M
Kisiel;M
Borek;M
Melnyk;M
Trojanowski;M
Stec;M
Gawroński;M
Dobosz;M
Maliszewski;M
Wąsik;M
Witczak;M
Wolny;M
Radomski;M
Rybicki;M
Ślusarczyk;M
Mika;M
Zaborowski;M
Kmiecik;M
Lipski;M
Walkowiak;M
Białas;M
Grzesiak;M
Pawelec;M
Gałązka;M
Frąckowiak;M
Bogucki;M
Sokół;M
Kaczorowski;M
Frankowski;M
Karwowski;M
Wnuk;M
Bochenek;M
Cichy;M
Zygmunt;M
Kwaśniewski;M
Żmuda;M
Nawrot;M
Więckowski;M
Pasternak;M
Wójcicki;M
Juszczak;M
Dudziński;M
Mroczek;M
Pietras;M
Janas;M
Gaweł;M
Rosiak;M
Lasota;M
Misiak;M
Wojtczak;M
Skrzypek;M
Wroński;M
Piórkowski;M
Łapiński;M
Fijałkowski;M
Karaś;M
Bujak;M
Jędrzejczyk;M
Kołodziejski;M
Kubacki;M
Krysiak;M
Piwowarczyk;M
Dąbek;M
Czyżewski;M
Burzyński;M
Gruszczyński;M
Gutowski;M
Sołtys;M
Masłowski;M
Jagodziński;M
Borowiec;M
Szafrański;M
Stelmach;M
Tarnowski;M
Jagiełło;M
Łukaszewski;M
Zajączkowski;M
Cebula;M
Zielonka;M
Kałużny;M
Bielawski;M
Woźny;M
Bober;M
Krakowiak;M
Lisiecki;M
Cygan;M
Łukasiewicz;M
Pilarski;M
Wilczek;M
Skoczylas;M
Kałuża;M
Falkowski;M
Dziuba;M
Pakuła;M
Filipek;M
Jurkiewicz;M
Drzewiecki;M
Szcześniak;M
Skibiński;M
Jędrzejczak;M
Jakubiak;M
Sobieraj;M
Kędziora;M
Dębowski;M
Gąsiorowski;M
Strzelczyk;M
Flis;M
Twardowski;M
Stanek;M
Raczyński;M
Wasiak;M
Gołąb;M
Kulig;M
Guzik;M
Więcek;M
Kubica;M
Mierzejewski;M
Góral;M
Górniak;M
Majcher;M
Rusin;M
Matuszak;M
Bartosik;M
Motyka;M
Wolak;M
Grzywacz;M
Drozdowski;M
Bilski;M
Szwed;M
Bury;M
Florek;M
Nowaczyk;M
Cholewa;M
Wojtas;M
Czapla;M
Pytel;M
Stolarczyk;M
Kaszuba;M
Krupiński;M
Urbańczyk;M
Prokop;M
Paczkowski;M
Michałek;M
Kopczyński;M
Jaśkiewicz;M
Zagórski;M
Bielak;M
Partyka;M
Romaniuk;M
Dubiel;M
Misztal;M
Kuc;M
Malicki;M
Gwóźdź;M
Staszewski;M
Ruciński;M
Biały;M
Bożek;M
Jankowiak;M
Kapusta;M
Andrzejczak;M
Siedlecki;M
Świerczyński;M
Modzelewski;M
Ciszewski;M
Płonka;M
Skóra;M
Słowiński;M
Kuchta;M
Kępa;M
Janusz;M
Kaczmarski;M
Gałka;M
Sieradzki;M
Zwoliński;M
Bieńkowski;M
Jurkowski;M
Milczarek;M
Stachura;M
Szczerba;M
Sławiński;M
Sitek;M
Sochacki;M
Pawlikowski;M
Szyszka;M
Jezierski;M
Stępniak;M
Kolasa;M
Rosa;M
Jackowski;M
Woś;M
Chmura;M
Broda;M
Lipka;M
Olczak;M
Dudzik;M
Iwański;M
Mroczkowski;M
Dec;M
Maślanka;M
Kwieciński;M
Noga;M
Majka;M
Knapik;M
Skalski;M
Kogut;M
Mańkowski;M
Szatkowski;M
Chojnowski;M
Salamon;M
Koza;M
Tokarz;M
Trzeciak;M
Kita;M
Florczak;M
Kowalczuk;M
Lenart;M
Dudziak;M
Wyszyński;M
Kobus;M
Dobrzyński;M
Mrozek;M
Buczyński;M
Molenda;M
Skowronek;M
Zdunek;M
Kruszewski;M
Stanisławski;M
Kołakowski;M
Paszkowski;M
Włodarski;M
Michalczyk;M
Kotowski;M
Puchalski;M
Kiełbasa;M
Kos;M
Januszewski;M
Kawa;M
Chudy;M
Kovalchuk;M
Dominiak;M
Czechowski;M
Żuk;M
Warchoł;M
Grzesik;M
Augustyn;M
Robak;M
Adamczak;M
Adamus;M
Pilch;M
Piechota;M
Jagielski;M
Kłosowski;M
Wiącek;M
Chudzik;M
Prus;M
Ryś;M
Maciąg;M
Adamek;M
Bąkowski;M
Głogowski;M
Jurczak;M
Przybył;M
Stolarski;M
Surma;M
Banasik;M
Koper;M
Rudziński;M
Filipowicz;M
Rudnik;M
Jarząbek;M
Niedźwiecki;M
Żyła;M
Kalisz;M
Malik;M
Tomala;M
Marchewka;M
Dąbkowski;M
Moskal;M
Kasperek;M
Kuźma;M
Porębski;M
Budzyński;M
Stańczak;M
Oleksy;M
Kaniewski;M
Piłat;M
Kopacz;M
Sołtysiak;M
Gadomski;M
Gorczyca;M
Buczkowski;M
Niemczyk;M
Wypych;M
Ziętek;M
Miśkiewicz;M
Jaros;M
Tracz;M
Szeląg;M
Furman;M
Bartnik;M
Golec;M
Roman;M
Kuciński;M
Drabik;M
Korzeniowski;M
Sojka;M
Szymkowiak;M
Woliński;M
Trela;M
Kruczek;M
Balcerzak;M
Stachurski;M
Zabłocki;M
Kujawski;M
Błaszczak;M
Stachowicz;M
Warzecha;M
Rybarczyk;M
Shevchenko;M
Piotrowicz;M
Głąb;M
Magiera;M
Radecki;M
Ossowski;M
Sęk;M
Ślęzak;M
Frątczak;M
Budziński;M
Pietruszka;M
Dróżdż;M
Adamiak;M
Pelc;M
Jurczyk;M
Rudzki;M
Szuba;M
Białkowski;M
Moroz;M
Lesiak;M
Niedzielski;M
Bielski;M
Kuliński;M
Kmieć;M
Zimny;M
Kozik;M
Woźnica;M
Mierzwa;M
Krakowski;M
Świder;M
Kosowski;M
Pełka;M
Bieliński;M
Tomasik;M
Kostecki;M
Sobota;M
Adamowicz;M
Skorupa;M
Gut;M
Pawlicki;M
Banaszek;M
Miller;M
Olczyk;M
Polański;M
Grudzień;M
Wojtasik;M
Wołoszyn;M
Grześkowiak;M
Stawicki;M
Herman;M
Sekuła;M
Urbanek;M
Sobański;M
Boiko;M
Śmigielski;M
Panasiuk;M
Pogorzelski;M
Czekaj;M
Kawecki;M
Piwowarski;M
Tokarczyk;M
Ivanov;M
Wojtkowiak;M
Bogacz;M
Kędzior;M
Lorenc;M
Urbanowicz;M
Liszka;M
Czerniak;M
Litwin;M
Piętka;M
Borys;M
Żuchowski;M
Juszczyk;M
Szwarc;M
Knap;M
Gacek;M
Biskup;M
Wiśniowski;M
Świątkowski;M
Szarek;M
Ratajczyk;M
Szot;M
Makuch;M
Krasowski;M
Grudziński;M
Napierała;M
Izdebski;M
Roszkowski;M
Krukowski;M
Kawka;M
Studziński;M
Kwiatek;M
Śledź;M
Kukla;M
Karcz;M
Rybka;M
Mackiewicz;M
Kusiak;M
Jakubczyk;M
Siwiec;M
Jóźwik;M
Mańka;M
Paprocki;M
Roszak;M
Maziarz;M
Duszyński;M
Łukaszewicz;M
Rożek;M
Bobrowski;M
Reszka;M
Jeziorski;M
Wojda;M
Aleksandrowicz;M
Grzybek;M
Szkudlarek;M
Filip;M
Sidor;M
Kraszewski;M
Wach;M
Tkacz;M
Rusek;M
Małkowski;M
Turowski;M
Smoleń;M
Korczak;M
Werner;M
Hoffmann;M
Mielcarek;M
Śpiewak;M
Grodzki;M
Szeliga;M
Wrzesiński;M
Niedziela;M
Królak;M
Szczurek;M
Drożdż;M
Wajda;M
Kępka;M
Pękala;M
Bondarenko;M
Kovalenko;M
Staszak;M
Szopa;M
Korzeniewski;M
Kruszyński;M
Piech;M
Grabarczyk;M
Kulpa;M
Bugajski;M
Olech;M
Plichta;M
Majkowski;M
Rzepecki;M
Szymanek;M
Suski;M
Gąsiorek;M
Lewiński;M
Nguyen;M
Perkowski;M
Kosmala;M
Gola;M
Shevchuk;M
Lipiec;M
Skonieczny;M
Bartoszek;M
Schmidt;M
Radziszewski;M
Semeniuk;M
Bogdański;M
Rodak;M
Kapuściński;M
Jakubiec;M
Rogoziński;M
Kurzawa;M
Wojtowicz;M
Kokoszka;M
Lange;M
Kupiec;M
Wasielewski;M
Orzeł;M
Olszak;M
Piszczek;M
Sułkowski;M
Wrzosek;M
Suchecki;M
Rokicki;M
Pisarek;M
Szpak;M
Raczkowski;M
Dymek;M
Ożóg;M
Wielgus;M
Goliński;M
Kaźmierski;M
Paszkiewicz;M
Gołąbek;M
Jaskulski;M
Koval;M
Kawalec;M
Kozakiewicz;M
Janczak;M
Gładysz;M
Kokot;M
Osowski;M
Róg;M
Zapała;M
Biela;M
Wyrzykowski;M
Adamiec;M
Białecki;M
Wojtaszek;M
Brodowski;M
Banaszak;M
Stokłosa;M
Chrobak;M
Koprowski;M
Romański;M
Brzeski;M
Bugaj;M
Burda;M
Bojarski;M
Barszcz;M
Lasek;M
Świerczek;M
Gruca;M
Sudoł;M
Plewa;M
Szymanowski;M
Garbacz;M
Mach;M
Konarski;M
Matusik;M
Potocki;M
Solecki;M
Mączka;M
Pierzchała;M
Kochański;M
Nowiński;M
Karolak;M
Smolarek;M
Lorek;M
Kaliński;M
Surowiec;M
Kostka;M
Balicki;M
Płatek;M
Jamróz;M
Szczygielski;M
Gabryś;M
Waszkiewicz;M
Ambroziak;M
Biliński;M
Puchała;M
Piechocki;M
Piskorz;M
Czarnota;M
Łach;M
Paszek;M
Traczyk;M
Bernat;M
Wagner;M
Sala;M
Świtała;M
Wójciak;M
Dzikowski;M
Biel;M
Włoch;M
Kolasiński;M
Tkachenko;M
Wdowiak;M
Krauze;M
Mądry;M
Pasek;M
Okoń;M
Szymaniak;M
Baron;M
Burek;M
Walczyk;M
Kempa;M
Dolata;M
Pięta;M
Zborowski;M
Błoński;M
Zawistowski;M
Skwarek;M
Osuch;M
Stencel;M
Grela;M
Bator;M
Weber;M
Dziura;M
Adamczewski;M
Wachowiak;M
Jaroszewski;M
Oleś;M
Franczak;M
Stachowski;M
Figura;M
Modrzejewski;M
Zarębski;M
Ferenc;M
Gazda;M
Cichosz;M
Kozyra;M
Kapica;M
Bogdan;M
Jedynak;M
Ogórek;M
Wąsowski;M
Doliński;M
Miś;M
Mularczyk;M
Ciołek;M
Góralczyk;M
Stępniewski;M
Waligóra;M
Grobelny;M
Wielgosz;M
Dutkiewicz;M
Mieczkowski;M
Mrowiec;M
Kościelniak;M
Paradowski;M
Grabski;M
Półtorak;M
Majda;M
Brożek;M
Drąg;M
Jaskólski;M
Łoś;M
Ozga;M
Ćwik;M
Grygiel;M
Lachowicz;M
Lemański;M
Ławniczak;M
Myśliwiec;M
Zawisza;M
Kozera;M
Bartnicki;M
Nadolny;M
Kraska;M
Gałecki;M
Kołodziejczak;M
Kwaśny;M
Kulas;M
Wnęk;M
Klimas;M
Martyniuk;M
Mirek;M
Kulikowski;M
Młynarski;M
Boroń;M
Bernacki;M
Kochanowski;M
Gaj;M
Nadolski;M
Kozicki;M
Bień;M
Nalepa;M
Stopa;M
Szweda;M
Ćwikliński;M
Sitko;M
Spychała;M
Tabor;M
Winnicki;M
Oliinyk;M
Kreft;M
Ryba;M
Soboń;M
Szadkowski;M
Kostrzewski;M
Szczepanek;M
Komar;M
Antoniak;M
Czuba;M
Kąkol;M
Przybyszewski;M
Czapliński;M
Galiński;M
Skorupski;M
Smyk;M
Filipczak;M
Poręba;M
Bartosiewicz;M
Wydra;M
Szafran;M
Błażejewski;M
Flak;M
Niezgoda;M
Figiel;M
Kluska;M
Pastuszka;M
Gliński;M
Błaszkiewicz;M
Walas;M
Turski;M
Tymiński;M
Węglarz;M
Janeczek;M
Machnik;M
Buda;M
Bartkowski;M
Gajek;M
Pajor;M
Klimaszewski;M
Nosal;M
Pietrzykowski;M
Tkachuk;M
Wiszniewski;M
Królik;M
Sarnowski;M
Morawiec;M
Dobrzański;M
Budny;M
Śliwka;M
Wcisło;M
Rychlik;M
Sobociński;M
Kravchenko;M
Zasada;M
Ługowski;M
Świercz;M
Guz;M
Galas;M
Łakomy;M
Rybiński;M
Iwanowski;M
Słomiński;M
Giza;M
Zawiślak;M
Kazimierczak;M
Krause;M
Gołaszewski;M
Musioł;M
Wierzchowski;M
Rybacki;M
Bryła;M
Rumiński;M
Mikuła;M
Seweryn;M
Furtak;M
Iwanicki;M
Tuszyński;M
Ziomek;M
Mizera;M
Chojecki;M
Gałuszka;M
Czapiewski;M
Słomka;M
Golonka;M
Marczewski;M
Kalita;M
Szczotka;M
Jackiewicz;M
Klonowski;M
Kasperski;M
Szostek;M
Miszczak;M
Marcinkiewicz;M
Bojanowski;M
Wilczewski;M
Matczak;M
Makarewicz;M
Rokita;M
Pieńkowski;M
Olender;M
Truszkowski;M
Góralski;M
Kornacki;M
Podsiadło;M
Radzikowski;M
Kalbarczyk;M
Jończyk;M
Piekarz;M
Szubert;M
Kołacz;M
Dusza;M
Rączka;M
Waszak;M
Borowiak;M
Kłosiński;M
Pilarczyk;M
Gąska;M
Daniel;M
Babiarz;M
Wachowski;M
Bączek;M
Sobczyński;M
Strzałkowski;M
Chyliński;M
Lewczuk;M
Topolski;M
Domagalski;M
Ludwiczak;M
Iwan;M
Radwański;M
Frankiewicz;M
Krzak;M
Kobyliński;M
Napiórkowski;M
Trojan;M
Nycz;M
Krasuski;M
Tarka;M
Wiliński;M
Małolepszy;M
Mastalerz;M
Machowski;M
Dawidowski;M
Sitarz;M
Ziemba;M
Piwowar;M
Kloc;M
Polishchuk;M
Suchocki;M
Rakoczy;M
Pisarski;M
Drewniak;M
Dul;M
Markowicz;M
Antkowiak;M
Szewczuk;M
Rydzewski;M
Tarasiuk;M
Gregorczyk;M
Kielar;M
Maciaszek;M
Koziński;M
Dworak;M
Gwiazda;M
Staroń;M
Wojdyła;M
Klein;M
Neumann;M
Trzaska;M
Osiecki;M
Jeż;M
Gądek;M
Pater;M
Czubak;M
Baczyński;M
Jeleń;M
Sosiński;M
Malczewski;M
Motyl;M
Chowaniec;M
Sakowski;M
Wojtkowski;M
Dawid;M
Ostaszewski;M
Dębicki;M
Miler;M
Zaleski;M
Matuszczak;M
Popiołek;M
Ogrodnik;M
Wiatr;M
Kusz;M
Szafraniec;M
Iwaniuk;M
Kuligowski;M
Szlachta;M
Czerwonka;M
Sarna;M
Synowiec;M
Jarecki;M
Bloch;M
Mąka;M
Moskwa;M
Matyja;M
Kudła;M
Badura;M
Łuczyński;M
Majer;M
Karbowski;M
Pluciński;M
Cieśliński;M
Dudkiewicz;M
Zatorski;M
Wojnowski;M
Bondar;M
Bogacki;M
Stadnik;M
Puzio;M
Załęski;M
Cyran;M
Czarny;M
Gancarz;M
Bałdyga;M
Jakubczak;M
Kondracki;M
Sagan;M
Rusinek;M
Rozmus;M
Kosior;M
Kupczyk;M
Chruściel;M
Deptuła;M
Mielnik;M
Sękowski;M
Suchodolski;M
Popek;M
Bęben;M
Karasiński;M
Mateja;M
Kunicki;M
Mroziński;M
Kosiorek;M
Strzelec;M
Bocheński;M
Trawiński;M
Borowicz;M
Stach;M
Szmidt;M
Borecki;M
Mirowski;M
Paciorek;M
Wolański;M
Przygoda;M
Widera;M
Grzegorzewski;M
Mikołajewski;M
Poznański;M
Frydrych;M
Kępiński;M
Kwaśniak;M
Wąsowicz;M
Siwak;M
Gajos;M
Krawczyński;M
Czapski;M
Bogdanowicz;M
Kliś;M
Jelonek;M
Krok;M
Madejski;M
Barczyk;M
Formela;M
Józefowicz;M
Siuda;M
Czaplicki;M
Myszka;M
Rataj;M
Gromek;M
Niedźwiedź;M
Bodnar;M
Dylewski;M
Łącki;M
Sajdak;M
Biegański;M
Karwacki;M
Wojnarowski;M
